fold,n_train_cows,n_test_cows,auroc_risk,auprc_risk,brier_risk,false_alarms_per_cow_day,time_to_detect_min,anomaly_alarm_rate,welfare_alarm_rate
0,66,34,0.6110171305930653,0.10399924087920354,0.512121630434955,0.4129575352736692,118.0,0.03199891067538126,0.44815495642701525
1,67,33,0.5474076103065717,0.04252812433236697,0.5453358202228572,0.4610765827451807,90.83333333333333,0.03377525252525253,0.4762205387205387
2,67,33,0.5436031390551987,0.11555800480945885,0.49885640977410045,0.39548439200814633,202.64705882352942,0.022832491582491583,0.4489688552188552
