fold,n_train_cows,n_test_cows,auroc_risk,auprc_risk,brier_risk,false_alarms_per_cow_day,time_to_detect_min,anomaly_alarm_rate,welfare_alarm_rate
0,66,34,0.6050820539562218,0.08823707702564348,0.5250795844857751,0.42693067957194475,123.0,0.03199891067538126,0.46520969498910675
1,67,33,0.5479978200312137,0.04418212050088772,0.5407417003851328,0.45605533902173534,88.33333333333333,0.03377525252525253,0.47102974186307517
2,67,33,0.5965824449214846,0.16716443748252796,0.516135517297566,0.41188243969240496,197.94117647058823,0.022832491582491583,0.466084455667789
