fold,n_train_cows,n_test_cows,auroc_risk,auprc_risk,brier_risk,false_alarms_per_cow_day,time_to_detect_min,anomaly_alarm_rate,welfare_alarm_rate
0,66,34,0.6260223525117632,0.08866156478782261,0.23597790064958193,0.0956989980233113,327.5,0.03199891067538126,0.10362200435729847
1,67,33,0.5509456361304684,0.041290348620997445,0.21477247762371438,0.0764071772183012,170.0,0.03377525252525253,0.08164983164983165
2,67,33,0.6020168659869347,0.1602898066226915,0.23731072775238962,0.07637206362582956,473.3333333333333,0.022832491582491583,0.09638047138047139
