fold,n_train_cows,n_test_cows,auroc_risk,auprc_risk,brier_risk,false_alarms_per_cow_day,time_to_detect_min,anomaly_alarm_rate,welfare_alarm_rate
0,66,34,0.6260223525117632,0.08866156478782261,0.23597790064958193,0.10677527094267604,327.5,0.03199891067538126,0.11529820261437909
1,67,33,0.5509456361304684,0.041290348620997445,0.21477247762371438,0.08501000737385443,155.0,0.03377525252525253,0.09055836139169472
2,67,33,0.6020168659869347,0.1602898066226915,0.23731072775238962,0.08539625689104254,470.0,0.022832491582491583,0.10802469135802469
