{
  "cfg": {
    "k_states": 3,
    "n_iter": 10,
    "tol": 0.0001,
    "random_state": 42,
    "var_floor": 0.001,
    "eps": 1e-12,
    "use_anomaly_weights": true,
    "anomaly_weight": 0.0
  },
  "feature_cols": [
    "rumination_min_5min_z",
    "activity_mean_5min_z",
    "activity_inactive_frac_5min_z",
    "thi_z",
    "methane_intensity_g_per_kg_milk_z",
    "milk_last_z",
    "weight_last_z",
    "rumination_min_5min_is_missing",
    "activity_mean_5min_is_missing"
  ],
  "loglik_history": [
    -504465.1764506993,
    -1362600.1916461024,
    -1226412.7223223161,
    -1207914.0330350313,
    -1200551.6976738551,
    -1194352.8236156835,
    -1189478.3058465193,
    -1184248.315807511,
    -1182021.3514555849,
    -1181102.7750881952
  ],
  "state_order": [
    2,
    1,
    0
  ],
  "pi": [
    1.0,
    1.2964040438786195e-18,
    3.63795112662239e-38
  ],
  "A": [
    [
      0.9922914412722221,
      0.007662484200608434,
      4.607452716946166e-05
    ],
    [
      0.015769177158954567,
      0.9689973225603636,
      0.015233500280681834
    ],
    [
      9.999999999992922e-13,
      0.008937000645047172,
      0.9910629993539527
    ]
  ],
  "means": [
    [
      0.7462575785291079,
      -0.8424159583496256,
      0.653350166479925,
      -0.8892957474247718,
      0.0,
      -0.2948829483840566,
      -3.477123440152965e-05,
      7.79760770209883e-05,
      0.0
    ],
    [
      -0.19512882920663846,
      0.2543798437051429,
      -0.19460849629752774,
      0.21335640868743,
      0.0,
      -12.54812362770842,
      -1.1931564078952935e-05,
      6.359596667313068e-05,
      0.0
    ],
    [
      -0.8661413838071652,
      0.9999017897971368,
      -0.7683852040721428,
      1.0256266647582728,
      0.0,
      0.42913177106165756,
      0.016810893007636007,
      7.643121524112103e-08,
      0.0
    ]
  ],
  "vars": [
    [
      0.4766554079597556,
      0.28940086756955385,
      0.5559145705427391,
      0.2666922240469749,
      0.001,
      2.45163976490292,
      0.001,
      0.001,
      0.001
    ],
    [
      0.8014998592315176,
      0.7642231174482093,
      0.850789605393365,
      0.5775445763785828,
      0.001,
      5155.893395649754,
      0.001,
      0.001,
      0.001
    ],
    [
      0.4329355491109854,
      0.24393848695861164,
      0.5377557550050338,
      0.11614624123527162,
      0.001,
      3.348113835010933,
      0.027147491994879036,
      0.001,
      0.001
    ]
  ]
}